{"boundaryID": "TUR-ADM0-4540299", "boundaryISO": "TUR", "boundaryYear": "2021", "boundaryType": "ADM0", "boundarySource": "Open Street Map", "boundaryCanonical": "Republic of Turkey", "boundaryLicense": "Creative Commons Attribution-ShareAlike 2.0", "licenseDetail": "", "licenseSource": "https//www.openstreetmap.org/copyright", "boundarySourceURL": "https//osm-boundaries.com/", "sourceDataUpdateDate": "Thu Jan 19 07:31:04 2023", "buildDate": "Dec 12, 2023", "admUnitCount": "1", "meanVertices": "256608.0", "minVertices": "256608", "maxVertices": "256608", "meanPerimeterLengthKM": "14338.9323106993", "maxPerimeterLengthKM": "14338.9323106993", "minPerimeterLengthKM": "14338.9323106993", "meanAreaSqKM": "780053.4569557196", "minAreaSqKM": "780053.4569557196", "maxAreaSqKM": "780053.4569557196"}